ID_Publicacion,Fecha,Contenido,Likes,Comentarios,Compartidos,ID_Usuario,Edad,Genero,Ubicacion
2,2024-05-25,Often political our.,245,34,21.0,98,38,Femenino,East Oliviamouth
4,2024-03-12,Policy with my.,244,35,35.0,30,20,Masculino,East Ashley
5,2024-04-22,Training about far owner.,420,13,16.0,40,27,Masculino,Port Brendaberg
9,2023-08-09,Then nothing official sport.,274,22,29.0,87,57,Femenino,New Maryville
14,2023-11-19,Box specific.,453,5,18.0,34,34,Femenino,East Carrieborough
15,2023-11-26,Executive commercial information know.,406,16,40.0,20,20,Femenino,West Haroldside
16,2024-02-06,Grow soldier environmental expect.,426,65,13.0,24,26,Femenino,Lopezmouth
17,2023-09-18,Involve cold water.,339,97,24.0,111,42,Femenino,New Kenneth
20,2023-11-22,Professional administration.,93,92,50.0,55,18,Femenino,West Jamesfurt
24,2023-09-20,Main goal push.,270,54,18.0,107,23,Femenino,West Valerie
24,2023-09-20,Main goal push.,270,54,18.0,131,48,Masculino,Lake Deborahshire
26,2023-08-23,Central air radio.,278,37,36.0,127,40,Masculino,East Robertville
33,2024-02-22,Also charge keep car.,218,71,37.0,7,46,Masculino,South Jennifer
33,2024-02-22,Also charge keep car.,218,71,37.0,117,31,Masculino,Katherineton
38,2023-07-27,Rate single painting.,271,39,0.0,3,55,Masculino,West Warrenside
40,2023-12-15,Deal success hard issue.,275,92,39.0,130,49,Femenino,North Lauren
41,2023-08-12,Similar action.,161,81,15.0,38,64,Masculino,Wilsonview
42,2023-06-15,Money air technology help strong.,301,22,35.0,6,36,Masculino,North Chadberg
61,2023-06-29,Fund accept.,373,82,45.0,79,61,Masculino,West Johnland
62,2023-10-09,Heart beat really similar.,483,53,50.0,136,51,Masculino,New Robertberg
63,2024-05-06,Article special order wife.,160,16,48.0,54,55,Femenino,Port Davidborough
98,2023-11-22,Hundred country should high.,269,75,34.0,146,68,Masculino,Michaeltown
100,2023-11-15,Charge whose fund bank.,379,10,31.0,43,35,Masculino,Houseburgh
103,2024-01-28,Military investment small he.,81,0,44.0,31,49,Femenino,New Rebeccamouth
103,2024-01-28,Military investment small he.,81,0,44.0,104,57,Femenino,Pamelamouth
104,2023-10-03,Live every economic get black.,371,53,15.0,22,38,Femenino,Barbarabury
109,2024-03-29,And finally serve establish.,91,18,9.0,11,41,Femenino,Kennethberg
110,2024-01-11,Measure officer.,477,35,31.0,142,19,Masculino,Port Audreymouth
111,2024-01-26,Fire far on approach.,224,89,2.0,96,60,Femenino,Markside
113,2023-09-30,Level remain family simple.,343,48,45.0,89,31,Masculino,South Dale
120,2023-11-13,So run them.,219,84,32.0,125,27,Femenino,Port Rachaelfort
122,2023-08-12,News his day affect.,76,12,19.0,17,56,Masculino,Port Charlesstad
122,2023-08-12,News his day affect.,76,12,19.0,70,33,Femenino,Jacobsonmouth
126,2024-04-14,Along through first.,231,39,37.0,121,48,Masculino,Cameronborough
141,2024-03-20,Adult himself fill happen body.,161,71,34.0,49,23,Femenino,Angelaborough
144,2023-06-15,State talk evidence.,16,55,6.0,63,51,Femenino,Stephanieborough
145,2024-04-24,Create building camera experience.,34,41,45.0,64,38,Masculino,Andrewmouth
147,2023-07-15,Poor state.,289,35,1.0,66,34,Masculino,Port Marcus
151,2024-02-14,Line sure total American.,487,17,29.0,1,25,Femenino,West Ashley
153,2024-02-02,Step local.,185,10,16.0,14,51,Femenino,East Erinbury
154,2023-11-10,Sport letter treatment not assume.,371,69,11.0,13,52,Femenino,Harryland
154,2023-11-10,Sport letter treatment not assume.,371,69,11.0,139,39,Masculino,Fordbury
160,2023-12-23,Identify economic carry money.,490,74,5.0,88,31,Femenino,North Kevin
164,2024-02-08,If though new network.,349,43,19.0,116,70,Masculino,West Stephanie
166,2023-06-16,Rich inside discuss.,332,3,41.0,115,19,Masculino,Scottstad
167,2024-03-23,During life get later.,26,97,38.0,15,31,Masculino,Mariaberg
168,2024-02-05,Value control.,17,53,22.0,23,48,Femenino,East Ryanchester
171,2023-07-26,Note approach.,4,34,19.0,141,55,Masculino,North Randy
176,2023-11-21,Do specific social thought.,59,36,19.0,18,42,Masculino,New Ashley
178,2023-09-24,Adult turn guy.,489,77,1.0,44,64,Masculino,Butlerstad
181,2024-01-03,Live wrong want.,28,42,4.0,132,31,Masculino,Harriston
183,2023-06-19,Accept watch.,231,64,36.0,118,34,Masculino,Valenciatown
184,2023-11-07,Magazine discover.,240,23,7.0,42,63,Masculino,Angelatown
186,2023-11-28,Send interest again street.,384,68,48.0,143,70,Femenino,New Sarah
194,2023-12-03,Close country difficult improve modern.,137,71,21.0,47,31,Masculino,Singletontown
199,2023-12-26,Family will method may.,205,50,15.0,101,21,Femenino,Blanchardfurt
207,2023-12-25,Public involve foot husband.,266,16,8.0,5,57,Masculino,Jacksonmouth
207,2023-12-25,Public involve foot husband.,266,16,8.0,99,65,Masculino,New April
217,2024-04-10,Theory later admit.,233,99,2.0,51,64,Femenino,New Mikemouth
217,2024-04-10,Theory later admit.,233,99,2.0,60,44,Masculino,Vegaland
226,2024-02-05,Soon large who.,111,90,27.0,93,46,Masculino,Sonyabury
229,2024-03-11,Form include receive.,210,99,9.0,80,56,Femenino,Wilsonfurt
230,2023-10-03,Maintain upon safe day.,406,70,35.0,72,52,Femenino,Patriciaburgh
231,2023-12-17,Life small.,493,60,7.0,68,64,Masculino,Lake Wanda
250,2023-11-30,Strategy speech east not agree.,197,93,7.0,85,52,Femenino,Webermouth
252,2024-03-17,Send develop enter hope.,333,27,26.0,81,23,Masculino,Marktown
256,2024-02-13,Read hope choose mission home.,170,68,46.0,25,62,Femenino,Wileytown
256,2024-02-13,Read hope choose mission home.,170,68,46.0,58,19,Femenino,East John
259,2023-09-23,With for base call.,54,81,43.0,4,26,Masculino,East April
264,2023-08-09,Major dinner.,157,78,8.0,57,35,Masculino,Jenniferbury
267,2024-05-18,Fish now popular behind.,75,12,43.0,29,66,Masculino,New Deborah
275,2023-11-10,Game bill return customer feel.,309,3,50.0,74,48,Femenino,Jacobview
285,2024-04-16,News task.,473,89,11.0,126,57,Femenino,Lake Aprilburgh
286,2023-10-04,Positive again husband arrive.,356,14,34.0,62,63,Femenino,Nunezborough
286,2023-10-04,Positive again husband arrive.,356,14,34.0,144,51,Masculino,Lake Charles
288,2024-06-01,Affect west agency charge.,374,54,16.0,140,31,Femenino,South Christophermouth
290,2023-08-21,Stock station hope share concern.,101,73,47.0,37,21,Masculino,South Katrina
290,2023-08-21,Stock station hope share concern.,101,73,47.0,75,41,Femenino,Nicoleborough
290,2023-08-21,Stock station hope share concern.,101,73,47.0,97,68,Femenino,Lake Tylerburgh
291,2023-08-23,Grow support sport.,149,98,39.0,53,69,Masculino,Nelsonmouth
296,2023-08-19,Available available two.,389,24,29.0,120,67,Masculino,Smithhaven
297,2023-11-10,Opportunity put senior value.,374,51,46.0,122,40,Femenino,East Michaelport
307,2024-02-15,Lead test.,246,89,48.0,102,34,Masculino,Edwardsview
313,2024-03-14,Feel bill authority writer.,10,15,3.0,82,67,Masculino,South Kevinside
317,2023-12-22,Answer government special.,466,19,30.0,90,58,Femenino,Perkinsbury
322,2024-01-09,Charge rather.,335,5,7.0,100,31,Femenino,Davishaven
323,2023-09-27,Nice according.,429,65,15.0,114,50,Masculino,Hansonmouth
325,2023-07-17,Current decade industry.,364,47,1.0,67,23,Femenino,Port Charles
331,2023-12-19,Style family away.,429,50,0.0,46,48,Femenino,Andrealand
337,2023-09-20,Police order including.,109,5,14.0,123,34,Femenino,Parkerview
338,2024-03-22,Notice work condition.,350,24,24.0,145,62,Femenino,Shawnberg
339,2023-10-27,Build play.,310,9,31.0,110,37,Masculino,East Daniel
340,2023-06-25,Reason concern event.,394,21,42.0,45,35,Masculino,Gutierrezberg
343,2023-09-12,Example dream experience.,104,3,38.0,69,41,Femenino,Joshuafurt
344,2023-11-25,Tell generation walk economic.,27,3,1.0,86,68,Masculino,Nathanland
346,2023-06-08,Usually offer bill bar we.,53,54,49.0,59,40,Masculino,West Megan
348,2023-10-14,Say baby citizen any appear.,53,8,37.0,106,66,Femenino,Lake Lisaburgh
348,2023-10-14,Say baby citizen any appear.,53,8,37.0,138,61,Masculino,Carterton
354,2023-10-23,End case similar chance rock.,95,70,22.0,65,59,Femenino,Jessicafort
356,2023-12-21,Life voice born each.,60,19,0.0,9,65,Femenino,Lake Sydney
368,2024-01-08,Community worker change.,340,40,4.0,52,63,Femenino,West Joseph
368,2024-01-08,Community worker change.,340,40,4.0,108,54,Masculino,South Coreyborough
368,2024-01-08,Community worker change.,340,40,4.0,128,56,Masculino,Smithtown
368,2024-01-08,Community worker change.,340,40,4.0,134,23,Masculino,North Amy
370,2024-01-18,Cell bill admit.,329,16,3.0,16,29,Masculino,Delacruzburgh
383,2024-03-10,Community the glass we.,175,30,49.0,135,55,Femenino,Hernandezchester
399,2023-10-15,Its billion gas.,349,67,1.0,48,26,Masculino,South Marcia
400,2024-03-10,Research daughter as rich.,351,81,28.0,56,45,Femenino,Lake Michaelmouth
405,2023-09-10,Water small bring poor.,456,38,13.0,19,34,Masculino,Hardyland
411,2024-02-02,Piece woman just.,293,40,40.0,76,37,Femenino,Jodifort
411,2024-02-02,Piece woman just.,293,40,40.0,129,39,Femenino,Markfurt
412,2023-11-22,Analysis author hear.,445,3,8.0,149,35,Masculino,Jamiechester
417,2024-02-10,Place quality conference.,80,73,27.0,83,50,Femenino,Davidsonburgh
418,2023-06-13,Wall clear miss look not.,91,64,3.0,26,21,Masculino,Fowlerborough
431,2024-03-30,Whom piece hit resource.,124,100,0.0,21,51,Masculino,Johnsonberg
434,2023-08-14,Eight break upon.,101,91,50.0,105,31,Masculino,New Adam
443,2023-09-18,Imagine section.,339,31,41.0,36,32,Femenino,Lake James
452,2023-08-06,Too fund.,186,14,22.0,10,53,Femenino,Christineside
452,2023-08-06,Too fund.,186,14,22.0,133,38,Femenino,Rachaelstad
454,2023-11-09,Cold reach.,8,59,29.0,50,62,Masculino,West Markberg
457,2023-08-25,Similar per.,46,60,42.0,95,43,Masculino,East Sonyatown
460,2023-12-08,Spring include hear.,104,93,18.0,137,23,Masculino,Michaelbury
461,2023-10-10,Your subject within.,98,57,36.0,41,38,Femenino,East David
468,2023-11-06,Hand southern letter.,441,76,6.0,35,44,Femenino,Kelliborough
472,2024-05-10,Six born.,437,49,45.0,77,70,Femenino,Aaronburgh
486,2024-01-29,Raise once sound individual value.,358,3,10.0,147,35,Masculino,North Cassidyview
495,2023-12-01,Animal design authority word officer.,493,56,16.0,8,54,Masculino,Stephaniechester
495,2023-12-01,Animal design authority word officer.,493,56,16.0,12,45,Femenino,Torreston
495,2023-12-01,Animal design authority word officer.,493,56,16.0,78,68,Femenino,Rothhaven
498,2023-09-25,Concern dog child yard stuff.,492,31,31.0,71,21,Masculino,Hernandezview
499,2023-12-15,Thing song this apply direction.,388,48,29.0,103,70,Masculino,Lake Stephenborough
